Repository,File Path,File URL
Development-Software/webhook-wa,.env/Lib/site-packages/openai/util.py,https://github.com/Development-Software/webhook-wa/blob/001651a5eb7cebdfdbf304aacd539adcf7593a86/.env/Lib/site-packages/openai/util.py
khaled-benahmed/RAG-System-using-LangChain-Gemini,.env/Lib/site-packages/langchain_community/callbacks/uptrain_callback.py,https://github.com/khaled-benahmed/RAG-System-using-LangChain-Gemini/blob/c72d580ded63ccd0998d83040df6eeb40d57b134/.env/Lib/site-packages/langchain_community/callbacks/uptrain_callback.py
Development-Software/webhook-wa,.env/Lib/site-packages/openai-0.27.8.dist-info/METADATA,https://github.com/Development-Software/webhook-wa/blob/001651a5eb7cebdfdbf304aacd539adcf7593a86/.env/Lib/site-packages/openai-0.27.8.dist-info/METADATA
graziaperna/NarrativeIntelligence,.env/Lib/site-packages/transformers/pipelines/__init__.py,https://github.com/graziaperna/NarrativeIntelligence/blob/e5aa8166e151839e1bbeaebc5afcc782e3a7152e/.env/Lib/site-packages/transformers/pipelines/__init__.py
graziaperna/NarrativeIntelligence,.env/Lib/site-packages/transformers-4.38.0.dist-info/RECORD,https://github.com/graziaperna/NarrativeIntelligence/blob/e5aa8166e151839e1bbeaebc5afcc782e3a7152e/.env/Lib/site-packages/transformers-4.38.0.dist-info/RECORD
khaled-benahmed/RAG-System-using-LangChain-Gemini,.env/Lib/site-packages/langchain_community-0.0.34.dist-info/RECORD,https://github.com/khaled-benahmed/RAG-System-using-LangChain-Gemini/blob/c72d580ded63ccd0998d83040df6eeb40d57b134/.env/Lib/site-packages/langchain_community-0.0.34.dist-info/RECORD
graziaperna/NarrativeIntelligence,.env/Lib/site-packages/transformers/generation/utils.py,https://github.com/graziaperna/NarrativeIntelligence/blob/e5aa8166e151839e1bbeaebc5afcc782e3a7152e/.env/Lib/site-packages/transformers/generation/utils.py
graziaperna/NarrativeIntelligence,.env/Lib/site-packages/transformers/modeling_utils.py,https://github.com/graziaperna/NarrativeIntelligence/blob/e5aa8166e151839e1bbeaebc5afcc782e3a7152e/.env/Lib/site-packages/transformers/modeling_utils.py
graziaperna/NarrativeIntelligence,.env/Lib/site-packages/transformers/models/esm/modeling_tf_esm.py,https://github.com/graziaperna/NarrativeIntelligence/blob/e5aa8166e151839e1bbeaebc5afcc782e3a7152e/.env/Lib/site-packages/transformers/models/esm/modeling_tf_esm.py
graziaperna/NarrativeIntelligence,.env/Lib/site-packages/transformers/models/mobilebert/modeling_tf_mobilebert.py,https://github.com/graziaperna/NarrativeIntelligence/blob/e5aa8166e151839e1bbeaebc5afcc782e3a7152e/.env/Lib/site-packages/transformers/models/mobilebert/modeling_tf_mobilebert.py
Development-Software/webhook-wa,.env/Lib/site-packages/openai/tests/test_util.py,https://github.com/Development-Software/webhook-wa/blob/001651a5eb7cebdfdbf304aacd539adcf7593a86/.env/Lib/site-packages/openai/tests/test_util.py
graziaperna/NarrativeIntelligence,.env/Lib/site-packages/transformers/models/longformer/modeling_tf_longformer.py,https://github.com/graziaperna/NarrativeIntelligence/blob/e5aa8166e151839e1bbeaebc5afcc782e3a7152e/.env/Lib/site-packages/transformers/models/longformer/modeling_tf_longformer.py
graziaperna/NarrativeIntelligence,.env/Lib/site-packages/transformers-4.38.0.dist-info/METADATA,https://github.com/graziaperna/NarrativeIntelligence/blob/e5aa8166e151839e1bbeaebc5afcc782e3a7152e/.env/Lib/site-packages/transformers-4.38.0.dist-info/METADATA
